TDSFU Daily run: Mon Oct 27 14:41:09 UTC 2025 TDSFU
TDSFU Daily run: Tue Oct 28 04:46:35 UTC 2025 TDSFU
TDSFU Daily run: Wed Oct 29 04:50:31 UTC 2025 TDSFU
TDSFU Daily run: Thu Oct 30 04:45:19 UTC 2025 TDSFU
TDSFU Daily run: Fri Oct 31 04:58:24 UTC 2025 TDSFU
TDSFU Daily run: Sat Nov  1 04:42:27 UTC 2025 TDSFU
TDSFU Daily run: Sun Nov  2 04:45:16 UTC 2025 TDSFU
TDSFU Daily run: Mon Nov  3 04:52:31 UTC 2025 TDSFU
TDSFU Daily run: Tue Nov  4 04:46:34 UTC 2025 TDSFU
TDSFU Daily run: Wed Nov  5 04:47:27 UTC 2025 TDSFU
TDSFU Daily run: Thu Nov  6 04:51:02 UTC 2025 TDSFU
TDSFU Daily run: Fri Nov  7 04:45:37 UTC 2025 TDSFU
TDSFU Daily run: Sat Nov  8 04:44:16 UTC 2025 TDSFU
TDSFU Daily run: Sun Nov  9 04:35:55 UTC 2025 TDSFU
TDSFU Daily run: Mon Nov 10 04:41:58 UTC 2025 TDSFU
TDSFU Daily run: Tue Nov 11 04:40:15 UTC 2025 TDSFU
TDSFU Daily run: Wed Nov 12 04:40:13 UTC 2025 TDSFU
TDSFU Daily run: Thu Nov 13 04:41:25 UTC 2025 TDSFU
TDSFU Daily run: Fri Nov 14 04:39:19 UTC 2025 TDSFU
TDSFU Daily run: Sat Nov 15 04:36:18 UTC 2025 TDSFU
TDSFU Daily run: Sun Nov 16 04:40:45 UTC 2025 TDSFU
TDSFU Daily run: Mon Nov 17 04:42:14 UTC 2025 TDSFU
TDSFU Daily run: Tue Nov 18 04:39:27 UTC 2025 TDSFU
TDSFU Daily run: Wed Nov 19 04:39:49 UTC 2025 TDSFU
TDSFU Daily run: Thu Nov 20 04:37:53 UTC 2025 TDSFU
TDSFU Daily run: Fri Nov 21 04:39:20 UTC 2025 TDSFU
TDSFU Daily run: Sat Nov 22 04:35:47 UTC 2025 TDSFU
TDSFU Daily run: Sun Nov 23 04:46:22 UTC 2025 TDSFU
TDSFU Daily run: Mon Nov 24 04:47:41 UTC 2025 TDSFU
TDSFU Daily run: Tue Nov 25 04:41:57 UTC 2025 TDSFU
TDSFU Daily run: Wed Nov 26 04:41:55 UTC 2025 TDSFU
TDSFU Daily run: Thu Nov 27 04:40:49 UTC 2025 TDSFU
TDSFU Daily run: Fri Nov 28 04:40:26 UTC 2025 TDSFU
TDSFU Daily run: Sat Nov 29 04:38:49 UTC 2025 TDSFU
TDSFU Daily run: Sun Nov 30 04:47:59 UTC 2025 TDSFU
TDSFU Daily run: Mon Dec  1 04:59:24 UTC 2025 TDSFU
TDSFU Daily run: Tue Dec  2 04:45:35 UTC 2025 TDSFU
TDSFU Daily run: Wed Dec  3 04:43:32 UTC 2025 TDSFU
TDSFU Daily run: Thu Dec  4 04:44:43 UTC 2025 TDSFU
TDSFU Daily run: Fri Dec  5 04:44:10 UTC 2025 TDSFU
TDSFU Daily run: Sat Dec  6 04:37:08 UTC 2025 TDSFU
TDSFU Daily run: Sun Dec  7 04:45:58 UTC 2025 TDSFU
TDSFU Daily run: Mon Dec  8 04:47:31 UTC 2025 TDSFU
TDSFU Daily run: Tue Dec  9 04:43:28 UTC 2025 TDSFU
TDSFU Daily run: Wed Dec 10 04:47:10 UTC 2025 TDSFU
TDSFU Daily run: Thu Dec 11 04:49:31 UTC 2025 TDSFU
TDSFU Daily run: Fri Dec 12 04:47:59 UTC 2025 TDSFU
TDSFU Daily run: Sat Dec 13 04:41:56 UTC 2025 TDSFU
TDSFU Daily run: Sun Dec 14 04:49:01 UTC 2025 TDSFU
TDSFU Daily run: Mon Dec 15 04:54:02 UTC 2025 TDSFU
